x__calculate_iou	23	TEST-GAP	or->and sign bug on one-axis separation	backend.services.scene_ocr_service.x__calculate_iou__mutmut_23
x__calculate_iou	24	EQUIVALENT	degenerate/falsy-equivalent guard tweak	backend.services.scene_ocr_service.x__calculate_iou__mutmut_24
x__calculate_iou	25	EQUIVALENT	degenerate/falsy-equivalent guard tweak	backend.services.scene_ocr_service.x__calculate_iou__mutmut_25
x__calculate_iou	42	EQUIVALENT	degenerate/falsy-equivalent guard tweak	backend.services.scene_ocr_service.x__calculate_iou__mutmut_42
x__calculate_iou	43	LOW-VALUE	union<=1 one-pixel tweak	backend.services.scene_ocr_service.x__calculate_iou__mutmut_43
x__calculate_overlap_ratio	23	TEST-GAP	or->and sign bug on one-axis separation	backend.services.scene_ocr_service.x__calculate_overlap_ratio__mutmut_23
x__calculate_overlap_ratio	24	EQUIVALENT	degenerate/falsy-equivalent guard tweak	backend.services.scene_ocr_service.x__calculate_overlap_ratio__mutmut_24
x__calculate_overlap_ratio	25	EQUIVALENT	degenerate/falsy-equivalent guard tweak	backend.services.scene_ocr_service.x__calculate_overlap_ratio__mutmut_25
x__calculate_overlap_ratio	35	EQUIVALENT	degenerate/falsy-equivalent guard tweak	backend.services.scene_ocr_service.x__calculate_overlap_ratio__mutmut_35
x__calculate_overlap_ratio	36	LOW-VALUE	ocr_area<=1 one-pixel tweak	backend.services.scene_ocr_service.x__calculate_overlap_ratio__mutmut_36
x__classify_text_type	4	TEST-GAP	4-digit house number unclassified	backend.services.scene_ocr_service.x__classify_text_type__mutmut_4
x__classify_text_type	5	LOW-VALUE	6-digit boundary: no realistic text between	backend.services.scene_ocr_service.x__classify_text_type__mutmut_5
x__classify_text_type	15	TEST-GAP	or->and kills substring sign match	backend.services.scene_ocr_service.x__classify_text_type__mutmut_15
x__image_to_base64	7	EQUIVALENT	case-only codec/format alias	backend.services.scene_ocr_service.x__image_to_base64__mutmut_7
x__image_to_base64	9	TEST-GAP	seek(1) truncates PNG bytes	backend.services.scene_ocr_service.x__image_to_base64__mutmut_9
x__image_to_base64	13	EQUIVALENT	case-only codec/format alias	backend.services.scene_ocr_service.x__image_to_base64__mutmut_13
xǁSceneOCRServiceǁ__init__	1	EQUIVALENT	enabled default flipped; call sites explicit	backend.services.scene_ocr_service.xǁSceneOCRServiceǁ__init____mutmut_1
xǁSceneOCRServiceǁ__init__	2	EQUIVALENT	fallback indistinguishable in test env	backend.services.scene_ocr_service.xǁSceneOCRServiceǁ__init____mutmut_2
xǁSceneOCRServiceǁ__init__	5	EQUIVALENT	fallback indistinguishable in test env	backend.services.scene_ocr_service.xǁSceneOCRServiceǁ__init____mutmut_5
xǁSceneOCRServiceǁ__init__	7	EQUIVALENT	fallback indistinguishable in test env	backend.services.scene_ocr_service.xǁSceneOCRServiceǁ__init____mutmut_7
xǁSceneOCRServiceǁ__init__	10	EQUIVALENT	fallback indistinguishable in test env	backend.services.scene_ocr_service.xǁSceneOCRServiceǁ__init____mutmut_10
xǁSceneOCRServiceǁ__init__	11	TEST-GAP	settings attr-name typo: override never asserted	backend.services.scene_ocr_service.xǁSceneOCRServiceǁ__init____mutmut_11
xǁSceneOCRServiceǁ__init__	12	TEST-GAP	settings attr-name typo: override never asserted	backend.services.scene_ocr_service.xǁSceneOCRServiceǁ__init____mutmut_12
xǁSceneOCRServiceǁ__init__	13	LOW-VALUE	timeout attr only feeds untested client build	backend.services.scene_ocr_service.xǁSceneOCRServiceǁ__init____mutmut_13
xǁSceneOCRServiceǁ__init__	16	EQUIVALENT	_client "" falsy-equal to None	backend.services.scene_ocr_service.xǁSceneOCRServiceǁ__init____mutmut_16
xǁSceneOCRServiceǁ__init__	17	EQUIVALENT	log message text/None	backend.services.scene_ocr_service.xǁSceneOCRServiceǁ__init____mutmut_17
xǁSceneOCRServiceǁ_deduplicate	4	TEST-GAP	det_id derivation unasserted	backend.services.scene_ocr_service.xǁSceneOCRServiceǁ_deduplicate__mutmut_4
xǁSceneOCRServiceǁ_deduplicate	5	TEST-GAP	det_id derivation unasserted	backend.services.scene_ocr_service.xǁSceneOCRServiceǁ_deduplicate__mutmut_5
xǁSceneOCRServiceǁ_deduplicate	6	TEST-GAP	det_id derivation unasserted	backend.services.scene_ocr_service.xǁSceneOCRServiceǁ_deduplicate__mutmut_6
xǁSceneOCRServiceǁ_deduplicate	7	TEST-GAP	det_id derivation unasserted	backend.services.scene_ocr_service.xǁSceneOCRServiceǁ_deduplicate__mutmut_7
xǁSceneOCRServiceǁ_deduplicate	8	TEST-GAP	det_id derivation unasserted	backend.services.scene_ocr_service.xǁSceneOCRServiceǁ_deduplicate__mutmut_8
xǁSceneOCRServiceǁ_deduplicate	12	TEST-GAP	schema-key mangle unasserted	backend.services.scene_ocr_service.xǁSceneOCRServiceǁ_deduplicate__mutmut_12
xǁSceneOCRServiceǁ_deduplicate	13	TEST-GAP	schema-key mangle unasserted	backend.services.scene_ocr_service.xǁSceneOCRServiceǁ_deduplicate__mutmut_13
xǁSceneOCRServiceǁ_deduplicate	14	TEST-GAP	schema-key mangle unasserted	backend.services.scene_ocr_service.xǁSceneOCRServiceǁ_deduplicate__mutmut_14
xǁSceneOCRServiceǁ_deduplicate	15	TEST-GAP	schema-key mangle unasserted	backend.services.scene_ocr_service.xǁSceneOCRServiceǁ_deduplicate__mutmut_15
xǁSceneOCRServiceǁ_deduplicate	16	TEST-GAP	schema-key mangle unasserted	backend.services.scene_ocr_service.xǁSceneOCRServiceǁ_deduplicate__mutmut_16
xǁSceneOCRServiceǁ_deduplicate	17	TEST-GAP	schema-key mangle unasserted	backend.services.scene_ocr_service.xǁSceneOCRServiceǁ_deduplicate__mutmut_17
xǁSceneOCRServiceǁ_deduplicate	22	TEST-GAP	det_id derivation unasserted	backend.services.scene_ocr_service.xǁSceneOCRServiceǁ_deduplicate__mutmut_22
xǁSceneOCRServiceǁ_deduplicate	23	EQUIVALENT	fallback det-bbox default unreachable in tests	backend.services.scene_ocr_service.xǁSceneOCRServiceǁ_deduplicate__mutmut_23
xǁSceneOCRServiceǁ_deduplicate	25	EQUIVALENT	fallback det-bbox default unreachable in tests	backend.services.scene_ocr_service.xǁSceneOCRServiceǁ_deduplicate__mutmut_25
xǁSceneOCRServiceǁ_deduplicate	26	EQUIVALENT	fallback det-bbox default unreachable in tests	backend.services.scene_ocr_service.xǁSceneOCRServiceǁ_deduplicate__mutmut_26
xǁSceneOCRServiceǁ_deduplicate	27	EQUIVALENT	fallback det-bbox default unreachable in tests	backend.services.scene_ocr_service.xǁSceneOCRServiceǁ_deduplicate__mutmut_27
xǁSceneOCRServiceǁ_deduplicate	28	EQUIVALENT	fallback det-bbox default unreachable in tests	backend.services.scene_ocr_service.xǁSceneOCRServiceǁ_deduplicate__mutmut_28
xǁSceneOCRServiceǁ_deduplicate	29	EQUIVALENT	fallback det-bbox default unreachable in tests	backend.services.scene_ocr_service.xǁSceneOCRServiceǁ_deduplicate__mutmut_29
xǁSceneOCRServiceǁ_deduplicate	31	TEST-GAP	detection_id=None on crop result	backend.services.scene_ocr_service.xǁSceneOCRServiceǁ_deduplicate__mutmut_31
xǁSceneOCRServiceǁ_deduplicate	35	EQUIVALENT	falsy swap False<->None / ""<->None	backend.services.scene_ocr_service.xǁSceneOCRServiceǁ_deduplicate__mutmut_35
xǁSceneOCRServiceǁ_deduplicate	42	TEST-GAP	IoU==0.70 boundary: dup no longer dropped	backend.services.scene_ocr_service.xǁSceneOCRServiceǁ_deduplicate__mutmut_42
xǁSceneOCRServiceǁ_deduplicate	44	LOW-VALUE	abs(a+b)<0.05 unreachable for valid confidences	backend.services.scene_ocr_service.xǁSceneOCRServiceǁ_deduplicate__mutmut_44
xǁSceneOCRServiceǁ_deduplicate	45	TEST-GAP	similar-confidence boundary <0.05 -> <=0.05	backend.services.scene_ocr_service.xǁSceneOCRServiceǁ_deduplicate__mutmut_45
xǁSceneOCRServiceǁ_deduplicate	46	TEST-GAP	similar-branch <1.05 swallows frame-even-if-higher	backend.services.scene_ocr_service.xǁSceneOCRServiceǁ_deduplicate__mutmut_46
xǁSceneOCRServiceǁ_deduplicate	50	EQUIVALENT	equality case pre-filtered by similar-confidence branch	backend.services.scene_ocr_service.xǁSceneOCRServiceǁ_deduplicate__mutmut_50
xǁSceneOCRServiceǁ_deduplicate	52	EQUIVALENT	inner break -> outer continue equivalent effect	backend.services.scene_ocr_service.xǁSceneOCRServiceǁ_deduplicate__mutmut_52
xǁSceneOCRServiceǁ_deduplicate	53	EQUIVALENT	falsy swap False<->None / ""<->None	backend.services.scene_ocr_service.xǁSceneOCRServiceǁ_deduplicate__mutmut_53
xǁSceneOCRServiceǁ_deduplicate	60	TEST-GAP	overlap==0.50 now associated; threshold semantics	backend.services.scene_ocr_service.xǁSceneOCRServiceǁ_deduplicate__mutmut_60
xǁSceneOCRServiceǁ_deduplicate	62	TEST-GAP	schema-key mangle unasserted	backend.services.scene_ocr_service.xǁSceneOCRServiceǁ_deduplicate__mutmut_62
xǁSceneOCRServiceǁ_deduplicate	63	TEST-GAP	schema-key mangle unasserted	backend.services.scene_ocr_service.xǁSceneOCRServiceǁ_deduplicate__mutmut_63
xǁSceneOCRServiceǁ_deduplicate	64	TEST-GAP	appends None into texts list	backend.services.scene_ocr_service.xǁSceneOCRServiceǁ_deduplicate__mutmut_64
xǁSceneOCRServiceǁ_deduplicate	65	TEST-GAP	schema-key mangle unasserted	backend.services.scene_ocr_service.xǁSceneOCRServiceǁ_deduplicate__mutmut_65
xǁSceneOCRServiceǁ_deduplicate	66	TEST-GAP	schema-key mangle unasserted	backend.services.scene_ocr_service.xǁSceneOCRServiceǁ_deduplicate__mutmut_66
xǁSceneOCRServiceǁ_deduplicate	67	TEST-GAP	schema-key mangle unasserted	backend.services.scene_ocr_service.xǁSceneOCRServiceǁ_deduplicate__mutmut_67
xǁSceneOCRServiceǁ_deduplicate	68	TEST-GAP	schema-key mangle unasserted	backend.services.scene_ocr_service.xǁSceneOCRServiceǁ_deduplicate__mutmut_68
xǁSceneOCRServiceǁ_deduplicate	69	TEST-GAP	schema-key mangle unasserted	backend.services.scene_ocr_service.xǁSceneOCRServiceǁ_deduplicate__mutmut_69
xǁSceneOCRServiceǁ_deduplicate	70	TEST-GAP	schema-key mangle unasserted	backend.services.scene_ocr_service.xǁSceneOCRServiceǁ_deduplicate__mutmut_70
xǁSceneOCRServiceǁ_deduplicate	75	EQUIVALENT	fallback det-bbox default unreachable in tests	backend.services.scene_ocr_service.xǁSceneOCRServiceǁ_deduplicate__mutmut_75
xǁSceneOCRServiceǁ_deduplicate	76	EQUIVALENT	fallback det-bbox default unreachable in tests	backend.services.scene_ocr_service.xǁSceneOCRServiceǁ_deduplicate__mutmut_76
xǁSceneOCRServiceǁ_deduplicate	78	EQUIVALENT	fallback det-bbox default unreachable in tests	backend.services.scene_ocr_service.xǁSceneOCRServiceǁ_deduplicate__mutmut_78
xǁSceneOCRServiceǁ_deduplicate	79	EQUIVALENT	fallback det-bbox default unreachable in tests	backend.services.scene_ocr_service.xǁSceneOCRServiceǁ_deduplicate__mutmut_79
xǁSceneOCRServiceǁ_deduplicate	80	EQUIVALENT	fallback det-bbox default unreachable in tests	backend.services.scene_ocr_service.xǁSceneOCRServiceǁ_deduplicate__mutmut_80
xǁSceneOCRServiceǁ_deduplicate	81	EQUIVALENT	fallback det-bbox default unreachable in tests	backend.services.scene_ocr_service.xǁSceneOCRServiceǁ_deduplicate__mutmut_81
xǁSceneOCRServiceǁ_deduplicate	82	EQUIVALENT	fallback det-bbox default unreachable in tests	backend.services.scene_ocr_service.xǁSceneOCRServiceǁ_deduplicate__mutmut_82
xǁSceneOCRServiceǁ_deduplicate	84	TEST-GAP	is_uncertain boundary at 0.50/0.80 unasserted	backend.services.scene_ocr_service.xǁSceneOCRServiceǁ_deduplicate__mutmut_84
xǁSceneOCRServiceǁ_deduplicate	85	TEST-GAP	is_uncertain boundary at 0.50/0.80 unasserted	backend.services.scene_ocr_service.xǁSceneOCRServiceǁ_deduplicate__mutmut_85
xǁSceneOCRServiceǁ_deduplicate	88	TEST-GAP	schema-key mangle unasserted	backend.services.scene_ocr_service.xǁSceneOCRServiceǁ_deduplicate__mutmut_88
xǁSceneOCRServiceǁ_deduplicate	89	TEST-GAP	schema-key mangle unasserted	backend.services.scene_ocr_service.xǁSceneOCRServiceǁ_deduplicate__mutmut_89
xǁSceneOCRServiceǁ_determine_region	1	TEST-GAP	guard/arithmetic change	backend.services.scene_ocr_service.xǁSceneOCRServiceǁ_determine_region__mutmut_1
xǁSceneOCRServiceǁ_determine_region	2	TEST-GAP	guard/arithmetic change	backend.services.scene_ocr_service.xǁSceneOCRServiceǁ_determine_region__mutmut_2
xǁSceneOCRServiceǁ_determine_region	3	TEST-GAP	guard/arithmetic change	backend.services.scene_ocr_service.xǁSceneOCRServiceǁ_determine_region__mutmut_3
xǁSceneOCRServiceǁ_determine_region	4	TEST-GAP	guard/arithmetic change	backend.services.scene_ocr_service.xǁSceneOCRServiceǁ_determine_region__mutmut_4
xǁSceneOCRServiceǁ_determine_region	6	TEST-GAP	guard/arithmetic change	backend.services.scene_ocr_service.xǁSceneOCRServiceǁ_determine_region__mutmut_6
xǁSceneOCRServiceǁ_determine_region	7	TEST-GAP	guard/arithmetic change	backend.services.scene_ocr_service.xǁSceneOCRServiceǁ_determine_region__mutmut_7
xǁSceneOCRServiceǁ_determine_region	17	TEST-GAP	guard/arithmetic change	backend.services.scene_ocr_service.xǁSceneOCRServiceǁ_determine_region__mutmut_17
xǁSceneOCRServiceǁ_determine_region	18	TEST-GAP	guard/arithmetic change	backend.services.scene_ocr_service.xǁSceneOCRServiceǁ_determine_region__mutmut_18
xǁSceneOCRServiceǁ_determine_region	21	TEST-GAP	guard/arithmetic change	backend.services.scene_ocr_service.xǁSceneOCRServiceǁ_determine_region__mutmut_21
xǁSceneOCRServiceǁ_determine_region	27	TEST-GAP	guard/arithmetic change	backend.services.scene_ocr_service.xǁSceneOCRServiceǁ_determine_region__mutmut_27
xǁSceneOCRServiceǁ_determine_region	41	EQUIVALENT	UPPER token never matches lowercase region	backend.services.scene_ocr_service.xǁSceneOCRServiceǁ_determine_region__mutmut_41
xǁSceneOCRServiceǁ_determine_region	47	EQUIVALENT	UPPER token never matches lowercase region	backend.services.scene_ocr_service.xǁSceneOCRServiceǁ_determine_region__mutmut_47
xǁSceneOCRServiceǁ_determine_region	52	EQUIVALENT	UPPER token never matches lowercase region	backend.services.scene_ocr_service.xǁSceneOCRServiceǁ_determine_region__mutmut_52
xǁSceneOCRServiceǁ_determine_region	54	TEST-GAP	XX token breaks map/lookup	backend.services.scene_ocr_service.xǁSceneOCRServiceǁ_determine_region__mutmut_54
xǁSceneOCRServiceǁ_determine_region	55	EQUIVALENT	UPPER token never matches lowercase region	backend.services.scene_ocr_service.xǁSceneOCRServiceǁ_determine_region__mutmut_55
xǁSceneOCRServiceǁ_determine_region	56	EQUIVALENT	UPPER token never matches lowercase region	backend.services.scene_ocr_service.xǁSceneOCRServiceǁ_determine_region__mutmut_56
xǁSceneOCRServiceǁ_determine_region	58	EQUIVALENT	UPPER token never matches lowercase region	backend.services.scene_ocr_service.xǁSceneOCRServiceǁ_determine_region__mutmut_58
xǁSceneOCRServiceǁ_determine_region	60	TEST-GAP	XX token breaks map/lookup	backend.services.scene_ocr_service.xǁSceneOCRServiceǁ_determine_region__mutmut_60
xǁSceneOCRServiceǁ_determine_region	61	EQUIVALENT	UPPER token never matches lowercase region	backend.services.scene_ocr_service.xǁSceneOCRServiceǁ_determine_region__mutmut_61
xǁSceneOCRServiceǁ_determine_region	62	EQUIVALENT	UPPER token never matches lowercase region	backend.services.scene_ocr_service.xǁSceneOCRServiceǁ_determine_region__mutmut_62
xǁSceneOCRServiceǁ_determine_region	63	EQUIVALENT	UPPER token never matches lowercase region	backend.services.scene_ocr_service.xǁSceneOCRServiceǁ_determine_region__mutmut_63
xǁSceneOCRServiceǁ_determine_region	79	TEST-GAP	XX token breaks map/lookup	backend.services.scene_ocr_service.xǁSceneOCRServiceǁ_determine_region__mutmut_79
xǁSceneOCRServiceǁ_determine_region	80	EQUIVALENT	UPPER token never matches lowercase region	backend.services.scene_ocr_service.xǁSceneOCRServiceǁ_determine_region__mutmut_80
xǁSceneOCRServiceǁ_determine_region	81	TEST-GAP	XX token breaks map/lookup	backend.services.scene_ocr_service.xǁSceneOCRServiceǁ_determine_region__mutmut_81
xǁSceneOCRServiceǁ_determine_region	82	EQUIVALENT	UPPER token never matches lowercase region	backend.services.scene_ocr_service.xǁSceneOCRServiceǁ_determine_region__mutmut_82
xǁSceneOCRServiceǁ_determine_region	83	TEST-GAP	XX token breaks map/lookup	backend.services.scene_ocr_service.xǁSceneOCRServiceǁ_determine_region__mutmut_83
xǁSceneOCRServiceǁ_determine_region	84	EQUIVALENT	UPPER token never matches lowercase region	backend.services.scene_ocr_service.xǁSceneOCRServiceǁ_determine_region__mutmut_84
xǁSceneOCRServiceǁ_determine_region	85	TEST-GAP	XX token breaks map/lookup	backend.services.scene_ocr_service.xǁSceneOCRServiceǁ_determine_region__mutmut_85
xǁSceneOCRServiceǁ_determine_region	86	EQUIVALENT	UPPER token never matches lowercase region	backend.services.scene_ocr_service.xǁSceneOCRServiceǁ_determine_region__mutmut_86
xǁSceneOCRServiceǁ_determine_region	87	TEST-GAP	XX token breaks map/lookup	backend.services.scene_ocr_service.xǁSceneOCRServiceǁ_determine_region__mutmut_87
xǁSceneOCRServiceǁ_determine_region	88	EQUIVALENT	UPPER token never matches lowercase region	backend.services.scene_ocr_service.xǁSceneOCRServiceǁ_determine_region__mutmut_88
xǁSceneOCRServiceǁ_determine_region	89	TEST-GAP	XX token breaks map/lookup	backend.services.scene_ocr_service.xǁSceneOCRServiceǁ_determine_region__mutmut_89
xǁSceneOCRServiceǁ_determine_region	90	EQUIVALENT	UPPER token never matches lowercase region	backend.services.scene_ocr_service.xǁSceneOCRServiceǁ_determine_region__mutmut_90
xǁSceneOCRServiceǁ_determine_region	97	TEST-GAP	XX token breaks map/lookup	backend.services.scene_ocr_service.xǁSceneOCRServiceǁ_determine_region__mutmut_97
xǁSceneOCRServiceǁ_determine_region	98	EQUIVALENT	UPPER token never matches lowercase region	backend.services.scene_ocr_service.xǁSceneOCRServiceǁ_determine_region__mutmut_98
xǁSceneOCRServiceǁ_determine_region	99	TEST-GAP	XX token breaks map/lookup	backend.services.scene_ocr_service.xǁSceneOCRServiceǁ_determine_region__mutmut_99
xǁSceneOCRServiceǁ_determine_region	100	EQUIVALENT	UPPER token never matches lowercase region	backend.services.scene_ocr_service.xǁSceneOCRServiceǁ_determine_region__mutmut_100
xǁSceneOCRServiceǁ_determine_region	101	TEST-GAP	XX token breaks map/lookup	backend.services.scene_ocr_service.xǁSceneOCRServiceǁ_determine_region__mutmut_101
xǁSceneOCRServiceǁ_determine_region	102	EQUIVALENT	UPPER token never matches lowercase region	backend.services.scene_ocr_service.xǁSceneOCRServiceǁ_determine_region__mutmut_102
xǁSceneOCRServiceǁ_determine_region	103	TEST-GAP	XX token breaks map/lookup	backend.services.scene_ocr_service.xǁSceneOCRServiceǁ_determine_region__mutmut_103
xǁSceneOCRServiceǁ_determine_region	104	EQUIVALENT	UPPER token never matches lowercase region	backend.services.scene_ocr_service.xǁSceneOCRServiceǁ_determine_region__mutmut_104
xǁSceneOCRServiceǁ_determine_region	105	TEST-GAP	XX token breaks map/lookup	backend.services.scene_ocr_service.xǁSceneOCRServiceǁ_determine_region__mutmut_105
xǁSceneOCRServiceǁ_determine_region	106	EQUIVALENT	UPPER token never matches lowercase region	backend.services.scene_ocr_service.xǁSceneOCRServiceǁ_determine_region__mutmut_106
xǁSceneOCRServiceǁ_determine_region	107	TEST-GAP	XX token breaks map/lookup	backend.services.scene_ocr_service.xǁSceneOCRServiceǁ_determine_region__mutmut_107
xǁSceneOCRServiceǁ_determine_region	108	EQUIVALENT	UPPER token never matches lowercase region	backend.services.scene_ocr_service.xǁSceneOCRServiceǁ_determine_region__mutmut_108
xǁSceneOCRServiceǁ_determine_region	109	TEST-GAP	XX token breaks map/lookup	backend.services.scene_ocr_service.xǁSceneOCRServiceǁ_determine_region__mutmut_109
xǁSceneOCRServiceǁ_determine_region	110	EQUIVALENT	UPPER token never matches lowercase region	backend.services.scene_ocr_service.xǁSceneOCRServiceǁ_determine_region__mutmut_110
xǁSceneOCRServiceǁ_determine_region	111	TEST-GAP	XX token breaks map/lookup	backend.services.scene_ocr_service.xǁSceneOCRServiceǁ_determine_region__mutmut_111
xǁSceneOCRServiceǁ_determine_region	112	EQUIVALENT	UPPER token never matches lowercase region	backend.services.scene_ocr_service.xǁSceneOCRServiceǁ_determine_region__mutmut_112
xǁSceneOCRServiceǁ_determine_region	113	TEST-GAP	XX token breaks map/lookup	backend.services.scene_ocr_service.xǁSceneOCRServiceǁ_determine_region__mutmut_113
xǁSceneOCRServiceǁ_determine_region	114	EQUIVALENT	UPPER token never matches lowercase region	backend.services.scene_ocr_service.xǁSceneOCRServiceǁ_determine_region__mutmut_114
xǁSceneOCRServiceǁ_determine_region	115	TEST-GAP	XX token breaks map/lookup	backend.services.scene_ocr_service.xǁSceneOCRServiceǁ_determine_region__mutmut_115
xǁSceneOCRServiceǁ_determine_region	116	EQUIVALENT	UPPER token never matches lowercase region	backend.services.scene_ocr_service.xǁSceneOCRServiceǁ_determine_region__mutmut_116
xǁSceneOCRServiceǁ_determine_region	117	TEST-GAP	XX token breaks map/lookup	backend.services.scene_ocr_service.xǁSceneOCRServiceǁ_determine_region__mutmut_117
xǁSceneOCRServiceǁ_determine_region	118	EQUIVALENT	UPPER token never matches lowercase region	backend.services.scene_ocr_service.xǁSceneOCRServiceǁ_determine_region__mutmut_118
xǁSceneOCRServiceǁ_determine_region	119	TEST-GAP	XX token breaks map/lookup	backend.services.scene_ocr_service.xǁSceneOCRServiceǁ_determine_region__mutmut_119
xǁSceneOCRServiceǁ_determine_region	120	EQUIVALENT	UPPER token never matches lowercase region	backend.services.scene_ocr_service.xǁSceneOCRServiceǁ_determine_region__mutmut_120
xǁSceneOCRServiceǁ_determine_region	122	EQUIVALENT	default only for unreachable key	backend.services.scene_ocr_service.xǁSceneOCRServiceǁ_determine_region__mutmut_122
xǁSceneOCRServiceǁ_determine_region	124	EQUIVALENT	default only for unreachable key	backend.services.scene_ocr_service.xǁSceneOCRServiceǁ_determine_region__mutmut_124
xǁSceneOCRServiceǁ_determine_region	125	EQUIVALENT	default only for unreachable key	backend.services.scene_ocr_service.xǁSceneOCRServiceǁ_determine_region__mutmut_125
xǁSceneOCRServiceǁ_determine_region	126	EQUIVALENT	default only for unreachable key	backend.services.scene_ocr_service.xǁSceneOCRServiceǁ_determine_region__mutmut_126
xǁSceneOCRServiceǁ_get_client	1	LOW-VALUE	client construction internals; real client never exercised	backend.services.scene_ocr_service.xǁSceneOCRServiceǁ_get_client__mutmut_1
xǁSceneOCRServiceǁ_get_client	2	LOW-VALUE	client construction internals; real client never exercised	backend.services.scene_ocr_service.xǁSceneOCRServiceǁ_get_client__mutmut_2
xǁSceneOCRServiceǁ_get_client	3	LOW-VALUE	client construction internals; real client never exercised	backend.services.scene_ocr_service.xǁSceneOCRServiceǁ_get_client__mutmut_3
xǁSceneOCRServiceǁ_get_client	4	LOW-VALUE	client construction internals; real client never exercised	backend.services.scene_ocr_service.xǁSceneOCRServiceǁ_get_client__mutmut_4
xǁSceneOCRServiceǁ_get_client	5	LOW-VALUE	client construction internals; real client never exercised	backend.services.scene_ocr_service.xǁSceneOCRServiceǁ_get_client__mutmut_5
xǁSceneOCRServiceǁ_get_client	6	LOW-VALUE	client construction internals; real client never exercised	backend.services.scene_ocr_service.xǁSceneOCRServiceǁ_get_client__mutmut_6
xǁSceneOCRServiceǁ_get_client	7	LOW-VALUE	client construction internals; real client never exercised	backend.services.scene_ocr_service.xǁSceneOCRServiceǁ_get_client__mutmut_7
xǁSceneOCRServiceǁ_get_client	8	LOW-VALUE	client construction internals; real client never exercised	backend.services.scene_ocr_service.xǁSceneOCRServiceǁ_get_client__mutmut_8
xǁSceneOCRServiceǁ_get_client	9	LOW-VALUE	client construction internals; real client never exercised	backend.services.scene_ocr_service.xǁSceneOCRServiceǁ_get_client__mutmut_9
xǁSceneOCRServiceǁ_get_client	10	LOW-VALUE	client construction internals; real client never exercised	backend.services.scene_ocr_service.xǁSceneOCRServiceǁ_get_client__mutmut_10
xǁSceneOCRServiceǁ_get_client	11	LOW-VALUE	client construction internals; real client never exercised	backend.services.scene_ocr_service.xǁSceneOCRServiceǁ_get_client__mutmut_11
xǁSceneOCRServiceǁ_get_client	12	LOW-VALUE	client construction internals; real client never exercised	backend.services.scene_ocr_service.xǁSceneOCRServiceǁ_get_client__mutmut_12
xǁSceneOCRServiceǁ_get_client	13	LOW-VALUE	client construction internals; real client never exercised	backend.services.scene_ocr_service.xǁSceneOCRServiceǁ_get_client__mutmut_13
xǁSceneOCRServiceǁ_run_crop_ocr	6	TEST-GAP	payload/parse/result-schema unasserted	backend.services.scene_ocr_service.xǁSceneOCRServiceǁ_run_crop_ocr__mutmut_6
xǁSceneOCRServiceǁ_run_crop_ocr	7	EQUIVALENT	class token UPPER; filter lowercases anyway	backend.services.scene_ocr_service.xǁSceneOCRServiceǁ_run_crop_ocr__mutmut_7
xǁSceneOCRServiceǁ_run_crop_ocr	8	TEST-GAP	payload/parse/result-schema unasserted	backend.services.scene_ocr_service.xǁSceneOCRServiceǁ_run_crop_ocr__mutmut_8
xǁSceneOCRServiceǁ_run_crop_ocr	9	EQUIVALENT	class token UPPER; filter lowercases anyway	backend.services.scene_ocr_service.xǁSceneOCRServiceǁ_run_crop_ocr__mutmut_9
xǁSceneOCRServiceǁ_run_crop_ocr	10	TEST-GAP	payload/parse/result-schema unasserted	backend.services.scene_ocr_service.xǁSceneOCRServiceǁ_run_crop_ocr__mutmut_10
xǁSceneOCRServiceǁ_run_crop_ocr	11	EQUIVALENT	class token UPPER; filter lowercases anyway	backend.services.scene_ocr_service.xǁSceneOCRServiceǁ_run_crop_ocr__mutmut_11
xǁSceneOCRServiceǁ_run_crop_ocr	12	TEST-GAP	payload/parse/result-schema unasserted	backend.services.scene_ocr_service.xǁSceneOCRServiceǁ_run_crop_ocr__mutmut_12
xǁSceneOCRServiceǁ_run_crop_ocr	13	EQUIVALENT	class token UPPER; filter lowercases anyway	backend.services.scene_ocr_service.xǁSceneOCRServiceǁ_run_crop_ocr__mutmut_13
xǁSceneOCRServiceǁ_run_crop_ocr	14	TEST-GAP	payload/parse/result-schema unasserted	backend.services.scene_ocr_service.xǁSceneOCRServiceǁ_run_crop_ocr__mutmut_14
xǁSceneOCRServiceǁ_run_crop_ocr	15	EQUIVALENT	class token UPPER; filter lowercases anyway	backend.services.scene_ocr_service.xǁSceneOCRServiceǁ_run_crop_ocr__mutmut_15
xǁSceneOCRServiceǁ_run_crop_ocr	23	LOW-VALUE	semaphore 4->5 concurrency tweak	backend.services.scene_ocr_service.xǁSceneOCRServiceǁ_run_crop_ocr__mutmut_23
xǁSceneOCRServiceǁ_run_crop_ocr	26	TEST-GAP	payload/parse/result-schema unasserted	backend.services.scene_ocr_service.xǁSceneOCRServiceǁ_run_crop_ocr__mutmut_26
xǁSceneOCRServiceǁ_run_crop_ocr	28	TEST-GAP	payload/parse/result-schema unasserted	backend.services.scene_ocr_service.xǁSceneOCRServiceǁ_run_crop_ocr__mutmut_28
xǁSceneOCRServiceǁ_run_crop_ocr	29	LOW-VALUE	metric arg -> None	backend.services.scene_ocr_service.xǁSceneOCRServiceǁ_run_crop_ocr__mutmut_29
xǁSceneOCRServiceǁ_run_crop_ocr	30	LOW-VALUE	metric label UPPER/XX	backend.services.scene_ocr_service.xǁSceneOCRServiceǁ_run_crop_ocr__mutmut_30
xǁSceneOCRServiceǁ_run_crop_ocr	31	LOW-VALUE	metric label UPPER/XX	backend.services.scene_ocr_service.xǁSceneOCRServiceǁ_run_crop_ocr__mutmut_31
xǁSceneOCRServiceǁ_run_crop_ocr	39	TEST-GAP	max(0->1) clamp shifts crop origin unasserted	backend.services.scene_ocr_service.xǁSceneOCRServiceǁ_run_crop_ocr__mutmut_39
xǁSceneOCRServiceǁ_run_crop_ocr	46	TEST-GAP	max(0->1) clamp shifts crop origin unasserted	backend.services.scene_ocr_service.xǁSceneOCRServiceǁ_run_crop_ocr__mutmut_46
xǁSceneOCRServiceǁ_run_crop_ocr	60	TEST-GAP	degenerate-crop guard flips; zero-area crops unasserted	backend.services.scene_ocr_service.xǁSceneOCRServiceǁ_run_crop_ocr__mutmut_60
xǁSceneOCRServiceǁ_run_crop_ocr	61	TEST-GAP	degenerate-crop guard flips; zero-area crops unasserted	backend.services.scene_ocr_service.xǁSceneOCRServiceǁ_run_crop_ocr__mutmut_61
xǁSceneOCRServiceǁ_run_crop_ocr	62	TEST-GAP	degenerate-crop guard flips; zero-area crops unasserted	backend.services.scene_ocr_service.xǁSceneOCRServiceǁ_run_crop_ocr__mutmut_62
xǁSceneOCRServiceǁ_run_crop_ocr	64	TEST-GAP	payload/parse/result-schema unasserted	backend.services.scene_ocr_service.xǁSceneOCRServiceǁ_run_crop_ocr__mutmut_64
xǁSceneOCRServiceǁ_run_crop_ocr	65	TEST-GAP	payload/parse/result-schema unasserted	backend.services.scene_ocr_service.xǁSceneOCRServiceǁ_run_crop_ocr__mutmut_65
xǁSceneOCRServiceǁ_run_crop_ocr	69	TEST-GAP	payload/parse/result-schema unasserted	backend.services.scene_ocr_service.xǁSceneOCRServiceǁ_run_crop_ocr__mutmut_69
xǁSceneOCRServiceǁ_run_crop_ocr	70	TEST-GAP	payload/parse/result-schema unasserted	backend.services.scene_ocr_service.xǁSceneOCRServiceǁ_run_crop_ocr__mutmut_70
xǁSceneOCRServiceǁ_run_crop_ocr	71	TEST-GAP	payload/parse/result-schema unasserted	backend.services.scene_ocr_service.xǁSceneOCRServiceǁ_run_crop_ocr__mutmut_71
xǁSceneOCRServiceǁ_run_crop_ocr	72	TEST-GAP	payload/parse/result-schema unasserted	backend.services.scene_ocr_service.xǁSceneOCRServiceǁ_run_crop_ocr__mutmut_72
xǁSceneOCRServiceǁ_run_crop_ocr	73	TEST-GAP	payload/parse/result-schema unasserted	backend.services.scene_ocr_service.xǁSceneOCRServiceǁ_run_crop_ocr__mutmut_73
xǁSceneOCRServiceǁ_run_crop_ocr	74	TEST-GAP	payload/parse/result-schema unasserted	backend.services.scene_ocr_service.xǁSceneOCRServiceǁ_run_crop_ocr__mutmut_74
xǁSceneOCRServiceǁ_run_crop_ocr	80	TEST-GAP	payload/parse/result-schema unasserted	backend.services.scene_ocr_service.xǁSceneOCRServiceǁ_run_crop_ocr__mutmut_80
xǁSceneOCRServiceǁ_run_crop_ocr	82	TEST-GAP	payload/parse/result-schema unasserted	backend.services.scene_ocr_service.xǁSceneOCRServiceǁ_run_crop_ocr__mutmut_82
xǁSceneOCRServiceǁ_run_crop_ocr	86	TEST-GAP	payload/parse/result-schema unasserted	backend.services.scene_ocr_service.xǁSceneOCRServiceǁ_run_crop_ocr__mutmut_86
xǁSceneOCRServiceǁ_run_crop_ocr	87	TEST-GAP	payload/parse/result-schema unasserted	backend.services.scene_ocr_service.xǁSceneOCRServiceǁ_run_crop_ocr__mutmut_87
xǁSceneOCRServiceǁ_run_crop_ocr	89	TEST-GAP	payload/parse/result-schema unasserted	backend.services.scene_ocr_service.xǁSceneOCRServiceǁ_run_crop_ocr__mutmut_89
xǁSceneOCRServiceǁ_run_crop_ocr	90	TEST-GAP	payload/parse/result-schema unasserted	backend.services.scene_ocr_service.xǁSceneOCRServiceǁ_run_crop_ocr__mutmut_90
xǁSceneOCRServiceǁ_run_crop_ocr	91	TEST-GAP	payload/parse/result-schema unasserted	backend.services.scene_ocr_service.xǁSceneOCRServiceǁ_run_crop_ocr__mutmut_91
xǁSceneOCRServiceǁ_run_crop_ocr	92	TEST-GAP	payload/parse/result-schema unasserted	backend.services.scene_ocr_service.xǁSceneOCRServiceǁ_run_crop_ocr__mutmut_92
xǁSceneOCRServiceǁ_run_crop_ocr	93	TEST-GAP	0.50-equal confidence now excluded; boundary unasserted	backend.services.scene_ocr_service.xǁSceneOCRServiceǁ_run_crop_ocr__mutmut_93
xǁSceneOCRServiceǁ_run_crop_ocr	97	TEST-GAP	payload/parse/result-schema unasserted	backend.services.scene_ocr_service.xǁSceneOCRServiceǁ_run_crop_ocr__mutmut_97
xǁSceneOCRServiceǁ_run_crop_ocr	99	TEST-GAP	payload/parse/result-schema unasserted	backend.services.scene_ocr_service.xǁSceneOCRServiceǁ_run_crop_ocr__mutmut_99
xǁSceneOCRServiceǁ_run_crop_ocr	102	TEST-GAP	payload/parse/result-schema unasserted	backend.services.scene_ocr_service.xǁSceneOCRServiceǁ_run_crop_ocr__mutmut_102
xǁSceneOCRServiceǁ_run_crop_ocr	103	TEST-GAP	payload/parse/result-schema unasserted	backend.services.scene_ocr_service.xǁSceneOCRServiceǁ_run_crop_ocr__mutmut_103
xǁSceneOCRServiceǁ_run_crop_ocr	104	TEST-GAP	payload/parse/result-schema unasserted	backend.services.scene_ocr_service.xǁSceneOCRServiceǁ_run_crop_ocr__mutmut_104
xǁSceneOCRServiceǁ_run_crop_ocr	105	TEST-GAP	payload/parse/result-schema unasserted	backend.services.scene_ocr_service.xǁSceneOCRServiceǁ_run_crop_ocr__mutmut_105
xǁSceneOCRServiceǁ_run_crop_ocr	107	TEST-GAP	quad bbox reduction disabled for 8-point bboxes	backend.services.scene_ocr_service.xǁSceneOCRServiceǁ_run_crop_ocr__mutmut_107
xǁSceneOCRServiceǁ_run_crop_ocr	122	TEST-GAP	payload/parse/result-schema unasserted	backend.services.scene_ocr_service.xǁSceneOCRServiceǁ_run_crop_ocr__mutmut_122
xǁSceneOCRServiceǁ_run_crop_ocr	125	TEST-GAP	payload/parse/result-schema unasserted	backend.services.scene_ocr_service.xǁSceneOCRServiceǁ_run_crop_ocr__mutmut_125
xǁSceneOCRServiceǁ_run_crop_ocr	126	TEST-GAP	payload/parse/result-schema unasserted	backend.services.scene_ocr_service.xǁSceneOCRServiceǁ_run_crop_ocr__mutmut_126
xǁSceneOCRServiceǁ_run_crop_ocr	130	TEST-GAP	payload/parse/result-schema unasserted	backend.services.scene_ocr_service.xǁSceneOCRServiceǁ_run_crop_ocr__mutmut_130
xǁSceneOCRServiceǁ_run_crop_ocr	131	TEST-GAP	payload/parse/result-schema unasserted	backend.services.scene_ocr_service.xǁSceneOCRServiceǁ_run_crop_ocr__mutmut_131
xǁSceneOCRServiceǁ_run_crop_ocr	132	TEST-GAP	payload/parse/result-schema unasserted	backend.services.scene_ocr_service.xǁSceneOCRServiceǁ_run_crop_ocr__mutmut_132
xǁSceneOCRServiceǁ_run_crop_ocr	133	TEST-GAP	payload/parse/result-schema unasserted	backend.services.scene_ocr_service.xǁSceneOCRServiceǁ_run_crop_ocr__mutmut_133
xǁSceneOCRServiceǁ_run_crop_ocr	134	TEST-GAP	payload/parse/result-schema unasserted	backend.services.scene_ocr_service.xǁSceneOCRServiceǁ_run_crop_ocr__mutmut_134
xǁSceneOCRServiceǁ_run_crop_ocr	135	TEST-GAP	payload/parse/result-schema unasserted	backend.services.scene_ocr_service.xǁSceneOCRServiceǁ_run_crop_ocr__mutmut_135
xǁSceneOCRServiceǁ_run_crop_ocr	136	TEST-GAP	payload/parse/result-schema unasserted	backend.services.scene_ocr_service.xǁSceneOCRServiceǁ_run_crop_ocr__mutmut_136
xǁSceneOCRServiceǁ_run_crop_ocr	137	TEST-GAP	payload/parse/result-schema unasserted	backend.services.scene_ocr_service.xǁSceneOCRServiceǁ_run_crop_ocr__mutmut_137
xǁSceneOCRServiceǁ_run_crop_ocr	138	TEST-GAP	payload/parse/result-schema unasserted	backend.services.scene_ocr_service.xǁSceneOCRServiceǁ_run_crop_ocr__mutmut_138
xǁSceneOCRServiceǁ_run_crop_ocr	139	TEST-GAP	payload/parse/result-schema unasserted	backend.services.scene_ocr_service.xǁSceneOCRServiceǁ_run_crop_ocr__mutmut_139
xǁSceneOCRServiceǁ_run_crop_ocr	140	TEST-GAP	payload/parse/result-schema unasserted	backend.services.scene_ocr_service.xǁSceneOCRServiceǁ_run_crop_ocr__mutmut_140
xǁSceneOCRServiceǁ_run_crop_ocr	142	LOW-VALUE	timing arithmetic -> negative duration metric	backend.services.scene_ocr_service.xǁSceneOCRServiceǁ_run_crop_ocr__mutmut_142
xǁSceneOCRServiceǁ_run_crop_ocr	143	LOW-VALUE	metric arg -> None	backend.services.scene_ocr_service.xǁSceneOCRServiceǁ_run_crop_ocr__mutmut_143
xǁSceneOCRServiceǁ_run_crop_ocr	147	LOW-VALUE	metric label UPPER/XX	backend.services.scene_ocr_service.xǁSceneOCRServiceǁ_run_crop_ocr__mutmut_147
xǁSceneOCRServiceǁ_run_crop_ocr	148	LOW-VALUE	metric label UPPER/XX	backend.services.scene_ocr_service.xǁSceneOCRServiceǁ_run_crop_ocr__mutmut_148
xǁSceneOCRServiceǁ_run_crop_ocr	149	EQUIVALENT	log message text/None	backend.services.scene_ocr_service.xǁSceneOCRServiceǁ_run_crop_ocr__mutmut_149
xǁSceneOCRServiceǁ_run_full_frame_ocr	1	LOW-VALUE	metric arg -> None	backend.services.scene_ocr_service.xǁSceneOCRServiceǁ_run_full_frame_ocr__mutmut_1
xǁSceneOCRServiceǁ_run_full_frame_ocr	2	LOW-VALUE	metric label UPPER/XX	backend.services.scene_ocr_service.xǁSceneOCRServiceǁ_run_full_frame_ocr__mutmut_2
xǁSceneOCRServiceǁ_run_full_frame_ocr	3	LOW-VALUE	metric label UPPER/XX	backend.services.scene_ocr_service.xǁSceneOCRServiceǁ_run_full_frame_ocr__mutmut_3
xǁSceneOCRServiceǁ_run_full_frame_ocr	6	TEST-GAP	payload/parse/result-schema unasserted	backend.services.scene_ocr_service.xǁSceneOCRServiceǁ_run_full_frame_ocr__mutmut_6
xǁSceneOCRServiceǁ_run_full_frame_ocr	9	TEST-GAP	payload/parse/result-schema unasserted	backend.services.scene_ocr_service.xǁSceneOCRServiceǁ_run_full_frame_ocr__mutmut_9
xǁSceneOCRServiceǁ_run_full_frame_ocr	10	TEST-GAP	payload/parse/result-schema unasserted	backend.services.scene_ocr_service.xǁSceneOCRServiceǁ_run_full_frame_ocr__mutmut_10
xǁSceneOCRServiceǁ_run_full_frame_ocr	12	TEST-GAP	payload/parse/result-schema unasserted	backend.services.scene_ocr_service.xǁSceneOCRServiceǁ_run_full_frame_ocr__mutmut_12
xǁSceneOCRServiceǁ_run_full_frame_ocr	13	TEST-GAP	payload/parse/result-schema unasserted	backend.services.scene_ocr_service.xǁSceneOCRServiceǁ_run_full_frame_ocr__mutmut_13
xǁSceneOCRServiceǁ_run_full_frame_ocr	14	TEST-GAP	payload/parse/result-schema unasserted	backend.services.scene_ocr_service.xǁSceneOCRServiceǁ_run_full_frame_ocr__mutmut_14
xǁSceneOCRServiceǁ_run_full_frame_ocr	17	EQUIVALENT	log message text/None	backend.services.scene_ocr_service.xǁSceneOCRServiceǁ_run_full_frame_ocr__mutmut_17
xǁSceneOCRServiceǁ_run_full_frame_ocr	21	TEST-GAP	payload/parse/result-schema unasserted	backend.services.scene_ocr_service.xǁSceneOCRServiceǁ_run_full_frame_ocr__mutmut_21
xǁSceneOCRServiceǁ_run_full_frame_ocr	23	TEST-GAP	payload/parse/result-schema unasserted	backend.services.scene_ocr_service.xǁSceneOCRServiceǁ_run_full_frame_ocr__mutmut_23
xǁSceneOCRServiceǁ_run_full_frame_ocr	28	TEST-GAP	payload/parse/result-schema unasserted	backend.services.scene_ocr_service.xǁSceneOCRServiceǁ_run_full_frame_ocr__mutmut_28
xǁSceneOCRServiceǁ_run_full_frame_ocr	30	TEST-GAP	payload/parse/result-schema unasserted	backend.services.scene_ocr_service.xǁSceneOCRServiceǁ_run_full_frame_ocr__mutmut_30
xǁSceneOCRServiceǁ_run_full_frame_ocr	33	TEST-GAP	payload/parse/result-schema unasserted	backend.services.scene_ocr_service.xǁSceneOCRServiceǁ_run_full_frame_ocr__mutmut_33
xǁSceneOCRServiceǁ_run_full_frame_ocr	34	TEST-GAP	0.50-equal confidence now excluded; boundary unasserted	backend.services.scene_ocr_service.xǁSceneOCRServiceǁ_run_full_frame_ocr__mutmut_34
xǁSceneOCRServiceǁ_run_full_frame_ocr	38	TEST-GAP	payload/parse/result-schema unasserted	backend.services.scene_ocr_service.xǁSceneOCRServiceǁ_run_full_frame_ocr__mutmut_38
xǁSceneOCRServiceǁ_run_full_frame_ocr	39	TEST-GAP	payload/parse/result-schema unasserted	backend.services.scene_ocr_service.xǁSceneOCRServiceǁ_run_full_frame_ocr__mutmut_39
xǁSceneOCRServiceǁ_run_full_frame_ocr	41	TEST-GAP	payload/parse/result-schema unasserted	backend.services.scene_ocr_service.xǁSceneOCRServiceǁ_run_full_frame_ocr__mutmut_41
xǁSceneOCRServiceǁ_run_full_frame_ocr	42	TEST-GAP	payload/parse/result-schema unasserted	backend.services.scene_ocr_service.xǁSceneOCRServiceǁ_run_full_frame_ocr__mutmut_42
xǁSceneOCRServiceǁ_run_full_frame_ocr	43	TEST-GAP	payload/parse/result-schema unasserted	backend.services.scene_ocr_service.xǁSceneOCRServiceǁ_run_full_frame_ocr__mutmut_43
xǁSceneOCRServiceǁ_run_full_frame_ocr	44	TEST-GAP	payload/parse/result-schema unasserted	backend.services.scene_ocr_service.xǁSceneOCRServiceǁ_run_full_frame_ocr__mutmut_44
xǁSceneOCRServiceǁ_run_full_frame_ocr	45	TEST-GAP	payload/parse/result-schema unasserted	backend.services.scene_ocr_service.xǁSceneOCRServiceǁ_run_full_frame_ocr__mutmut_45
xǁSceneOCRServiceǁ_run_full_frame_ocr	46	TEST-GAP	payload/parse/result-schema unasserted	backend.services.scene_ocr_service.xǁSceneOCRServiceǁ_run_full_frame_ocr__mutmut_46
xǁSceneOCRServiceǁ_run_full_frame_ocr	47	TEST-GAP	payload/parse/result-schema unasserted	backend.services.scene_ocr_service.xǁSceneOCRServiceǁ_run_full_frame_ocr__mutmut_47
xǁSceneOCRServiceǁ_run_full_frame_ocr	49	TEST-GAP	quad bbox reduction disabled for 8-point bboxes	backend.services.scene_ocr_service.xǁSceneOCRServiceǁ_run_full_frame_ocr__mutmut_49
xǁSceneOCRServiceǁ_run_full_frame_ocr	58	EQUIVALENT	source arg removed -> identical default "frame"	backend.services.scene_ocr_service.xǁSceneOCRServiceǁ_run_full_frame_ocr__mutmut_58
xǁSceneOCRServiceǁ_run_full_frame_ocr	60	TEST-GAP	payload/parse/result-schema unasserted	backend.services.scene_ocr_service.xǁSceneOCRServiceǁ_run_full_frame_ocr__mutmut_60
xǁSceneOCRServiceǁ_run_full_frame_ocr	62	TEST-GAP	payload/parse/result-schema unasserted	backend.services.scene_ocr_service.xǁSceneOCRServiceǁ_run_full_frame_ocr__mutmut_62
xǁSceneOCRServiceǁ_run_full_frame_ocr	65	TEST-GAP	payload/parse/result-schema unasserted	backend.services.scene_ocr_service.xǁSceneOCRServiceǁ_run_full_frame_ocr__mutmut_65
xǁSceneOCRServiceǁ_run_full_frame_ocr	67	TEST-GAP	payload/parse/result-schema unasserted	backend.services.scene_ocr_service.xǁSceneOCRServiceǁ_run_full_frame_ocr__mutmut_67
xǁSceneOCRServiceǁ_run_full_frame_ocr	69	TEST-GAP	payload/parse/result-schema unasserted	backend.services.scene_ocr_service.xǁSceneOCRServiceǁ_run_full_frame_ocr__mutmut_69
xǁSceneOCRServiceǁ_run_full_frame_ocr	71	TEST-GAP	payload/parse/result-schema unasserted	backend.services.scene_ocr_service.xǁSceneOCRServiceǁ_run_full_frame_ocr__mutmut_71
xǁSceneOCRServiceǁ_run_full_frame_ocr	77	LOW-VALUE	timing arithmetic -> negative duration metric	backend.services.scene_ocr_service.xǁSceneOCRServiceǁ_run_full_frame_ocr__mutmut_77
xǁSceneOCRServiceǁ_run_full_frame_ocr	78	LOW-VALUE	metric arg -> None	backend.services.scene_ocr_service.xǁSceneOCRServiceǁ_run_full_frame_ocr__mutmut_78
xǁSceneOCRServiceǁ_run_full_frame_ocr	82	LOW-VALUE	metric label UPPER/XX	backend.services.scene_ocr_service.xǁSceneOCRServiceǁ_run_full_frame_ocr__mutmut_82
xǁSceneOCRServiceǁ_run_full_frame_ocr	83	LOW-VALUE	metric label UPPER/XX	backend.services.scene_ocr_service.xǁSceneOCRServiceǁ_run_full_frame_ocr__mutmut_83
xǁSceneOCRServiceǁ_run_full_frame_ocr	84	EQUIVALENT	log message text/None	backend.services.scene_ocr_service.xǁSceneOCRServiceǁ_run_full_frame_ocr__mutmut_84
xǁSceneOCRServiceǁ_run_full_frame_ocr	85	EQUIVALENT	log message text/None	backend.services.scene_ocr_service.xǁSceneOCRServiceǁ_run_full_frame_ocr__mutmut_85
xǁSceneOCRServiceǁ_run_full_frame_ocr	86	EQUIVALENT	log message text/None	backend.services.scene_ocr_service.xǁSceneOCRServiceǁ_run_full_frame_ocr__mutmut_86
xǁSceneOCRServiceǁ_run_full_frame_ocr	87	EQUIVALENT	log message text/None	backend.services.scene_ocr_service.xǁSceneOCRServiceǁ_run_full_frame_ocr__mutmut_87
xǁSceneOCRServiceǁprocess_frame	6	TEST-GAP	gather contract / call-arg mangle unasserted	backend.services.scene_ocr_service.xǁSceneOCRServiceǁprocess_frame__mutmut_6
xǁSceneOCRServiceǁprocess_frame	7	TEST-GAP	gather contract / call-arg mangle unasserted	backend.services.scene_ocr_service.xǁSceneOCRServiceǁprocess_frame__mutmut_7
xǁSceneOCRServiceǁprocess_frame	8	TEST-GAP	gather contract / call-arg mangle unasserted	backend.services.scene_ocr_service.xǁSceneOCRServiceǁprocess_frame__mutmut_8
xǁSceneOCRServiceǁprocess_frame	9	TEST-GAP	gather contract / call-arg mangle unasserted	backend.services.scene_ocr_service.xǁSceneOCRServiceǁprocess_frame__mutmut_9
xǁSceneOCRServiceǁprocess_frame	13	TEST-GAP	gather contract / call-arg mangle unasserted	backend.services.scene_ocr_service.xǁSceneOCRServiceǁprocess_frame__mutmut_13
xǁSceneOCRServiceǁprocess_frame	16	TEST-GAP	gather contract / call-arg mangle unasserted	backend.services.scene_ocr_service.xǁSceneOCRServiceǁprocess_frame__mutmut_16
xǁSceneOCRServiceǁprocess_frame	17	TEST-GAP	gather contract / call-arg mangle unasserted	backend.services.scene_ocr_service.xǁSceneOCRServiceǁprocess_frame__mutmut_17
xǁSceneOCRServiceǁprocess_frame	30	TEST-GAP	match_all(all_texts) filter mangled; provider match never asserted	backend.services.scene_ocr_service.xǁSceneOCRServiceǁprocess_frame__mutmut_30
xǁSceneOCRServiceǁprocess_frame	31	TEST-GAP	match_all(all_texts) filter mangled; provider match never asserted	backend.services.scene_ocr_service.xǁSceneOCRServiceǁprocess_frame__mutmut_31
xǁSceneOCRServiceǁprocess_frame	32	TEST-GAP	match_all(all_texts) filter mangled; provider match never asserted	backend.services.scene_ocr_service.xǁSceneOCRServiceǁprocess_frame__mutmut_32
xǁSceneOCRServiceǁprocess_frame	33	TEST-GAP	service_match selection broken; never asserted	backend.services.scene_ocr_service.xǁSceneOCRServiceǁprocess_frame__mutmut_33
xǁSceneOCRServiceǁprocess_frame	37	TEST-GAP	service_match selection broken; never asserted	backend.services.scene_ocr_service.xǁSceneOCRServiceǁprocess_frame__mutmut_37
xǁSceneOCRServiceǁprocess_frame	39	TEST-GAP	service_match selection broken; never asserted	backend.services.scene_ocr_service.xǁSceneOCRServiceǁprocess_frame__mutmut_39
xǁSceneOCRServiceǁprocess_frame	40	TEST-GAP	service_match selection broken; never asserted	backend.services.scene_ocr_service.xǁSceneOCRServiceǁprocess_frame__mutmut_40
xǁSceneOCRServiceǁprocess_frame	41	LOW-VALUE	metric arg -> None	backend.services.scene_ocr_service.xǁSceneOCRServiceǁprocess_frame__mutmut_41
xǁSceneOCRServiceǁprocess_frame	42	TEST-GAP	scene-text provider match disabled	backend.services.scene_ocr_service.xǁSceneOCRServiceǁprocess_frame__mutmut_42
xǁSceneOCRServiceǁprocess_frame	43	TEST-GAP	scene-text provider match disabled	backend.services.scene_ocr_service.xǁSceneOCRServiceǁprocess_frame__mutmut_43
xǁSceneOCRServiceǁprocess_frame	45	LOW-VALUE	timing arithmetic/metric value	backend.services.scene_ocr_service.xǁSceneOCRServiceǁprocess_frame__mutmut_45
xǁSceneOCRServiceǁprocess_frame	46	LOW-VALUE	timing arithmetic/metric value	backend.services.scene_ocr_service.xǁSceneOCRServiceǁprocess_frame__mutmut_46
xǁSceneOCRServiceǁprocess_frame	47	LOW-VALUE	timing arithmetic/metric value	backend.services.scene_ocr_service.xǁSceneOCRServiceǁprocess_frame__mutmut_47
xǁSceneOCRServiceǁprocess_frame	48	LOW-VALUE	metric arg -> None	backend.services.scene_ocr_service.xǁSceneOCRServiceǁprocess_frame__mutmut_48
xǁSceneOCRServiceǁprocess_frame	52	LOW-VALUE	metric label UPPER/XX	backend.services.scene_ocr_service.xǁSceneOCRServiceǁprocess_frame__mutmut_52
xǁSceneOCRServiceǁprocess_frame	53	LOW-VALUE	metric label UPPER/XX	backend.services.scene_ocr_service.xǁSceneOCRServiceǁprocess_frame__mutmut_53
xǁSceneOCRServiceǁprocess_frame	54	LOW-VALUE	metric label UPPER/XX	backend.services.scene_ocr_service.xǁSceneOCRServiceǁprocess_frame__mutmut_54
xǁSceneOCRServiceǁprocess_frame	55	LOW-VALUE	metric label UPPER/XX	backend.services.scene_ocr_service.xǁSceneOCRServiceǁprocess_frame__mutmut_55
xǁSceneOCRServiceǁprocess_frame	57	LOW-VALUE	text-count metric guard/arith	backend.services.scene_ocr_service.xǁSceneOCRServiceǁprocess_frame__mutmut_57
xǁSceneOCRServiceǁprocess_frame	58	LOW-VALUE	text-count metric guard/arith	backend.services.scene_ocr_service.xǁSceneOCRServiceǁprocess_frame__mutmut_58
xǁSceneOCRServiceǁprocess_frame	59	LOW-VALUE	text-count metric guard/arith	backend.services.scene_ocr_service.xǁSceneOCRServiceǁprocess_frame__mutmut_59
xǁSceneOCRServiceǁprocess_frame	60	LOW-VALUE	text-count metric guard/arith	backend.services.scene_ocr_service.xǁSceneOCRServiceǁprocess_frame__mutmut_60
xǁSceneOCRServiceǁprocess_frame	62	EQUIVALENT	debug log text mangled	backend.services.scene_ocr_service.xǁSceneOCRServiceǁprocess_frame__mutmut_62