arm,role,repo,model_file,model_bytes,model_sha256,mmproj_file,mmproj_bytes,mmproj_sha256,llama_cpp_build,replay_commit,thinking_forced_off,image_max_tokens,s2_false_alarms,s2_n,s3_hits,s3_n,refusals,uncertain,auroc,recall_at_5pct_fpr,vram_peak_mib,replay_minutes,latency_median_ms,latency_p95_ms,latency_max_ms,identical_to_control_items,replay_id,eval_run_id,run_json
control-q4km,control-q4km,Qwen/Qwen3-VL-8B-Instruct-GGUF,Qwen3VL-8B-Instruct-Q4_K_M.gguf,5027784800,67d1659bfe71b89d50b45a4ad1a9e5b997e5bb16ce5da66a6a6167abd569e9e2,mmproj-Qwen3VL-8B-Instruct-Q8_0.gguf,752289728,c6ba85508d82f42590e6eb77d5340369ab6fecf107a7561d809523d8aa5f3bfd,b11376-a55e952b8,ab3bd002,no,1280,21,209,94,241,2,8,0.677,42.3,8990,16.1,2038.0,2701,7449,,20261003T194331Z-control-q4km,f1faa819b375447897507a3b48c622bb,runs/replays/20261003T194331Z-control-q4km/run.json
control-rep,control-rep,Qwen/Qwen3-VL-8B-Instruct-GGUF,Qwen3VL-8B-Instruct-Q4_K_M.gguf,5027784800,67d1659bfe71b89d50b45a4ad1a9e5b997e5bb16ce5da66a6a6167abd569e9e2,mmproj-Qwen3VL-8B-Instruct-Q8_0.gguf,752289728,c6ba85508d82f42590e6eb77d5340369ab6fecf107a7561d809523d8aa5f3bfd,b11376-a55e952b8,2cd619db,no,1280,21,209,94,241,2,8,0.677,42.3,8990,21.5,2123.5,7311,10832,450,20261003T200059Z-control-rep,891a1b7a5ebb4a6bb06a910c1c881153,runs/replays/20261003T200059Z-control-rep/run.json
control-defaultcache,control-defaultcache,Qwen/Qwen3-VL-8B-Instruct-GGUF,Qwen3VL-8B-Instruct-Q4_K_M.gguf,5027784800,67d1659bfe71b89d50b45a4ad1a9e5b997e5bb16ce5da66a6a6167abd569e9e2,mmproj-Qwen3VL-8B-Instruct-Q8_0.gguf,752289728,c6ba85508d82f42590e6eb77d5340369ab6fecf107a7561d809523d8aa5f3bfd,b11376-a55e952b8,2cd619db,no,1280,21,209,94,241,2,8,0.677,42.3,8990,16.3,2042.5,2737,6632,450,20261003T202249Z-control-defaultcache,42d8820c91e446aa90d9a2c62e1db151,runs/replays/20261003T202249Z-control-defaultcache/run.json
qwen3vl-8b-q8,model,Qwen/Qwen3-VL-8B-Instruct-GGUF,Qwen3VL-8B-Instruct-Q8_0.gguf,8709519456,0d264b3941185d00a74f75c4245521dae088ff1efc90ab8d1754e83f5844adb0,mmproj-Qwen3VL-8B-Instruct-Q8_0.gguf,752289728,c6ba85508d82f42590e6eb77d5340369ab6fecf107a7561d809523d8aa5f3bfd,b11376-a55e952b8,2cd619db,no,1280,23,209,87,241,2,6,0.684,33.2,12204,19.5,2265.5,5472,12587,252,20261003T204300Z-qwen3vl-8b-q8,ee110a58b7a94c8bab2aae73d20196fa,runs/replays/20261003T204300Z-qwen3vl-8b-q8/run.json
qwen35-4b-q8,model,unsloth/Qwen3.5-4B-GGUF,Qwen3.5-4B-Q8_0.gguf,4482403488,10cc391b403021dd11c614679d2fd92f611c3681d29e29651b717316965d61e1,mmproj-F16.gguf,672423616,cd88edcf8d031894960bb0c9c5b9b7e1fea6ebee02b9f7ce925a00d12891f864,b11376-a55e952b8,2cd619db,yes,1280,7,209,85,241,1,5,0.746,46.5,6800,32.3,4317.5,7917,13518,216,20261003T210915Z-qwen35-4b-q8,5ba77c5ec224445da22e8726755a0d1a,runs/replays/20261003T210915Z-qwen35-4b-q8/run.json
qwen35-9b-q4km,model,unsloth/Qwen3.5-9B-GGUF,Qwen3.5-9B-Q4_K_M.gguf,5680522464,03b74727a860a56338e042c4420bb3f04b2fec5734175f4cb9fa853daf52b7e8,mmproj-F16.gguf,918166080,f70dc3509053962b0d0d3ee8a7eacebf5d60aa560cad78254ae8698516ae029f,b11376-a55e952b8,2cd619db,yes,1280,8,209,84,241,2,0,0.772,48.5,7672,21.1,2440.5,6232,10568,192,20261003T214542Z-qwen35-9b-q4km,7717264dd9b04457a8c01eb09bc73495,runs/replays/20261003T214542Z-qwen35-9b-q4km/run.json
qwen35-9b-q6k,model,unsloth/Qwen3.5-9B-GGUF,Qwen3.5-9B-Q6_K.gguf,7458301152,91898433cf5ce0a8f45516a4cc3e9343b6e01d052d01f684309098c66a326c59,mmproj-F16.gguf,918166080,f70dc3509053962b0d0d3ee8a7eacebf5d60aa560cad78254ae8698516ae029f,b11376-a55e952b8,2cd619db,yes,1280,6,209,91,241,0,0,0.797,51.0,9116,23.1,2884.0,3950,11124,194,20261003T220750Z-qwen35-9b-q6k,9a0c3553115241b39d8f8b0d27f768bd,runs/replays/20261003T220750Z-qwen35-9b-q6k/run.json
gemma4-12b,model,google/gemma-4-12B-it-qat-q4_0-gguf,gemma-4-12b-it-qat-q4_0.gguf,6975879296,93567e57a8fe10b23569b9d9ec38cd005deedf71e29477c421a4b83f418a538b,mmproj-gemma-4-12b-it-qat-q4_0.gguf,175115616,cb018338a7538a9814d994bfe54644c71eb7ed54e31eae2f721e45fd3c260da7,b11376-a55e952b8,2cd619db,yes,1120,13,209,101,241,0,12,0.766,52.3,9752,16.6,1836.0,5367,9224,200,20261003T223156Z-gemma4-12b,a61fb72437e14e52bcbab9549598f564,runs/replays/20261003T223156Z-gemma4-12b/run.json
qwen3vl-32b-q4km,model,Qwen/Qwen3-VL-32B-Instruct-GGUF,Qwen3VL-32B-Instruct-Q4_K_M.gguf,19762150432,5cf0136e721d6294718ec71fd8c93b17ab5dd4e2714d6079e83fa46571ad94c8,mmproj-Qwen3VL-32B-Instruct-Q8_0.gguf,772360224,c01734a97adc350c1eebb957ed433afee4e376ebd0949163f659c76d8dcf20ca,b11376-a55e952b8,2cd619db,no,1280,17,209,95,241,0,2,0.774,47.7,25058,84.5,9161.5,21536,39625,200,20261003T225034Z-qwen3vl-32b-q4km,edd935335aa94088983760c4c8a50096,runs/replays/20261003T225034Z-qwen3vl-32b-q4km/run.json
gemma4-26b-a4b,model,google/gemma-4-26B-A4B-it-qat-q4_0-gguf,gemma-4-26B_q4_0-it.gguf,14439363584,3eca3b8f6d7baf218a7dd6bba5fb59a56ee25fe2d567b6f5f589b4f697eca51d,gemma-4-26B-it-mmproj.gguf,1194828160,a359953a076b877db30c31dbbb4c6d93b4a6e017ee5db5784247e4d4c0dd4f3b,b11376-a55e952b8,2cd619db,yes,1120,42,209,138,241,0,15,0.795,58.1,18102,14.7,1687.5,4006,8007,165,20261004T001645Z-gemma4-26b-a4b,3a45c47e3550455c9838f190b1e8a9eb,runs/replays/20261004T001645Z-gemma4-26b-a4b/run.json
qwen38-27b-q4km,model,unsloth/Qwen3.8-27B-GGUF,Qwen3.8-27B-UD-Q4_K_M.gguf,16464440224,322e194ff79741c7baa497c240f677f54b201b0efab44ca8e50f122b39123482,mmproj-F16.gguf,927607488,cbb841a9ee0636b2ec172f5bb8df2ea8dfeb01e90fe7c6126581d662a0b4e43e,b11376-a55e952b8,2cd619db,yes,1280,16,209,119,241,0,0,0.81,61.8,18264,91.0,13634.5,16999,19515,128,20261004T003315Z-qwen38-27b-q4km,2a38e63962d04c138593c62f0e5bcdba,runs/replays/20261004T003315Z-qwen38-27b-q4km/run.json
qwen38-27b-q6k,model,unsloth/Qwen3.8-27B-GGUF,Qwen3.8-27B-UD-Q6_K.gguf,21983677344,c9c206812fbe4ac7b76a729e25928b63f2ae89d37f69da7a71c20aec763cd436,mmproj-F16.gguf,927607488,cbb841a9ee0636b2ec172f5bb8df2ea8dfeb01e90fe7c6126581d662a0b4e43e,b11376-a55e952b8,2cd619db,yes,1280,26,209,132,241,0,0,0.818,56.4,23214,71.4,6885.5,17652,28972,122,20261004T020640Z-qwen38-27b-q6k,3b0fe11af37f4407a8b3bb75c1776422,runs/replays/20261004T020640Z-qwen38-27b-q6k/run.json
qwen3vl-30b-a3b-q8,model,Qwen/Qwen3-VL-30B-A3B-Instruct-GGUF,Qwen3VL-30B-A3B-Instruct-Q8_0.gguf,32483932992,b9d01be012619d717c8a1e1cd5284c753ea66d56c24089461a58295fb17c1e64,mmproj-Qwen3VL-30B-A3B-Instruct-Q8_0.gguf,712148928,82a9966edfdbc1b18a27fd90af96d50cbf111a51484f6290e946dccf461c8150,b11376-a55e952b8,2cd619db,no,1280,17,209,112,241,23,0,0.754,49.8,34380,30.2,3390.5,8614,18671,158,20261004T032152Z-qwen3vl-30b-a3b-q8,ad76d31c93c94161b24f190d01c859d5,runs/replays/20261004T032152Z-qwen3vl-30b-a3b-q8/run.json
qwen36-35b-a3b-q6k,model,unsloth/Qwen3.6-35B-A3B-GGUF,Qwen3.6-35B-A3B-UD-Q6_K.gguf,29308320736,4fe53b148b46f9b88830e2a3055c5b15c3a4d1e3ddc9a1384a108d8b9d59f043,mmproj-BF16.gguf,902822624,356dfaa3111376a4f7165e32e8749713378d1700b37cf52e0c50d9f23322334d,b11376-a55e952b8,2cd619db,yes,1280,8,209,66,241,0,140,0.635,29.9,30064,23.2,2590.0,8066,12425,72,20261004T035525Z-qwen36-35b-a3b-q6k,434c071091fe4432be8bc37bf8cb6fb0,runs/replays/20261004T035525Z-qwen36-35b-a3b-q6k/run.json
qwen38-27b-iq2s,model,ISTA-DASLab/Qwen3.8-27B-GSQ-RCO-GGUF,Qwen3.8-27B-GSQ-RCO-IQ2_S.gguf,9259510912,16c9802111aa9ef3acde465188d6d601f8db128ee3d828ad983a5caca4135ecb,mmproj-Qwen3.8-27B-BF16.gguf,931146528,13cb7bebccbd04afc8f4090cb949ecf8937cdf7377c5799b1a0c594e7c0d3e16,b11376-a55e952b8,2cd619db,yes,1280,18,209,106,241,0,0,0.788,53.5,12292,78.6,11161.5,14245,18197,132,20261004T041952Z-qwen38-27b-iq2s,a4f251dfcd234d729c9db9564abac575,runs/replays/20261004T041952Z-qwen38-27b-iq2s/run.json
